county,state,Dataset
Aleutians East Borough,AK,counties
Aleutians West Census Area,AK,counties
Anchorage Borough,AK,brewery
Anchorage Municipality,AK,counties
Bethel Census Area,AK,counties
Bristol Bay Borough,AK,counties
Chugach Census Area,AK,counties
Copper River Census Area,AK,counties
Denali Borough,AK,counties
Dillingham Census Area,AK,counties
Fairbanks North Star Borough,AK,counties
Haines Borough,AK,counties
Hoonah-Angoon Census Area,AK,counties
Juneau Borough,AK,brewery
Juneau City and Borough,AK,counties
Kenai Peninsula Borough,AK,counties
Ketchikan Gateway Borough,AK,counties
Kodiak Island Borough,AK,counties
Kusilvak Census Area,AK,counties
Lake and Peninsula Borough,AK,counties
Matanuska-Susitna Borough,AK,counties
Nome Census Area,AK,counties
North Slope Borough,AK,counties
Northwest Arctic Borough,AK,counties
Petersburg Borough,AK,counties
Prince of Wales-Hyder Census Area,AK,counties
Sitka City and Borough,AK,counties
Skagway Municipality,AK,counties
Southeast Fairbanks Census Area,AK,counties
Wrangell City and Borough,AK,counties
Yakutat City and Borough,AK,counties
Yukon-Koyukuk Census Area,AK,counties
Autauga County,AL,counties
Baldwin County,AL,counties
Barbour County,AL,counties
Bibb County,AL,counties
Blount County,AL,counties
Bullock County,AL,counties
Butler County,AL,counties
Calhoun County,AL,counties
Chambers County,AL,counties
Cherokee County,AL,counties
Chilton County,AL,counties
Choctaw County,AL,counties
Clarke County,AL,counties
Clay County,AL,counties
Cleburne County,AL,counties
Coffee County,AL,counties
Colbert County,AL,counties
Conecuh County,AL,counties
Coosa County,AL,counties
Covington County,AL,counties
Crenshaw County,AL,counties
Cullman County,AL,counties
Dale County,AL,counties
Dallas County,AL,counties
DeKalb County,AL,counties
Elmore County,AL,counties
Escambia County,AL,counties
Etowah County,AL,counties
Fayette County,AL,counties
Franklin County,AL,counties
Geneva County,AL,counties
Greene County,AL,counties
Hale County,AL,counties
Henry County,AL,counties
Houston County,AL,counties
Jackson County,AL,counties
Jefferson County,AL,counties
Lamar County,AL,counties
Lauderdale County,AL,counties
Lawrence County,AL,counties
Lee County,AL,counties
Limestone County,AL,counties
Lowndes County,AL,counties
Macon County,AL,counties
Madison County,AL,counties
Marengo County,AL,counties
Marion County,AL,counties
Marshall County,AL,counties
Mobile County,AL,counties
Monroe County,AL,counties
Montgomery County,AL,counties
Morgan County,AL,counties
Perry County,AL,counties
Pickens County,AL,counties
Pike County,AL,counties
Randolph County,AL,counties
Russell County,AL,counties
Shelby County,AL,counties
St. Clair County,AL,counties
Sumter County,AL,counties
Talladega County,AL,counties
Tallapoosa County,AL,counties
Tuscaloosa County,AL,counties
Walker County,AL,counties
Washington County,AL,counties
Wilcox County,AL,counties
Winston County,AL,counties
Arkansas County,AR,counties
Ashley County,AR,counties
Baxter County,AR,counties
Benton County,AR,counties
Boone County,AR,counties
Bradley County,AR,counties
Calhoun County,AR,counties
Carroll County,AR,counties
Chicot County,AR,counties
Clark County,AR,counties
Clay County,AR,counties
Cleburne County,AR,counties
Cleveland County,AR,counties
Columbia County,AR,counties
Conway County,AR,counties
Craighead County,AR,counties
Crawford County,AR,counties
Crittenden County,AR,counties
Cross County,AR,counties
Dallas County,AR,counties
Desha County,AR,counties
Drew County,AR,counties
Faulkner County,AR,counties
Franklin County,AR,counties
Fulton County,AR,counties
Garland County,AR,counties
Grant County,AR,counties
Greene County,AR,counties
Hempstead County,AR,counties
Hot Spring County,AR,counties
Howard County,AR,counties
Independence County,AR,counties
Izard County,AR,counties
Jackson County,AR,counties
Jefferson County,AR,counties
Johnson County,AR,counties
Lafayette County,AR,counties
Lawrence County,AR,counties
Lee County,AR,counties
Lincoln County,AR,counties
Little River County,AR,counties
Logan County,AR,counties
Lonoke County,AR,counties
Madison County,AR,counties
Marion County,AR,counties
Miller County,AR,counties
Mississippi County,AR,counties
Monroe County,AR,counties
Montgomery County,AR,counties
Nevada County,AR,counties
Newton County,AR,counties
Ouachita County,AR,counties
Perry County,AR,counties
Phillips County,AR,counties
Pike County,AR,counties
Poinsett County,AR,counties
Polk County,AR,counties
Pope County,AR,counties
Prairie County,AR,counties
Pulaski County,AR,counties
Randolph County,AR,counties
Saline County,AR,counties
Scott County,AR,counties
Searcy County,AR,counties
Sebastian County,AR,counties
Sevier County,AR,counties
Sharp County,AR,counties
St. Francis County,AR,counties
Stone County,AR,counties
Union County,AR,counties
Van Buren County,AR,counties
Washington County,AR,counties
White County,AR,counties
Woodruff County,AR,counties
Yell County,AR,counties
Apache County,AZ,counties
Cochise County,AZ,counties
Coconino County,AZ,counties
Gila County,AZ,counties
Graham County,AZ,counties
Greenlee County,AZ,counties
La Paz County,AZ,counties
Maricopa County,AZ,counties
Mohave County,AZ,counties
Navajo County,AZ,counties
Pima County,AZ,counties
Pinal County,AZ,counties
Santa Cruz County,AZ,counties
Yavapai County,AZ,counties
Yuma County,AZ,counties
Alameda County,CA,counties
Alpine County,CA,counties
Amador County,CA,counties
Butte County,CA,counties
Calaveras County,CA,counties
Colusa County,CA,counties
Contra Costa County,CA,counties
Del Norte County,CA,counties
El Dorado County,CA,counties
Fresno County,CA,counties
Glenn County,CA,counties
Humboldt County,CA,counties
Imperial County,CA,counties
Inyo County,CA,counties
Kern County,CA,counties
Kings County,CA,counties
Lake County,CA,counties
Lassen County,CA,counties
Los Angeles County,CA,counties
Madera County,CA,counties
Marin County,CA,counties
Mariposa County,CA,counties
Mendocino County,CA,counties
Merced County,CA,counties
Modoc County,CA,counties
Mono County,CA,counties
Monterey County,CA,counties
Napa County,CA,counties
Nevada County,CA,counties
Orange County,CA,counties
Placer County,CA,counties
Plumas County,CA,counties
Riverside County,CA,counties
Sacramento County,CA,counties
San Benito County,CA,counties
San Bernardino County,CA,counties
San Diego County,CA,counties
San Francisco County,CA,counties
San Joaquin County,CA,counties
San Luis Obispo County,CA,counties
San Mateo County,CA,counties
Santa Barbara County,CA,counties
Santa Clara County,CA,counties
Santa Cruz County,CA,counties
Shasta County,CA,counties
Sierra County,CA,counties
Siskiyou County,CA,counties
Solano County,CA,counties
Sonoma County,CA,counties
Stanislaus County,CA,counties
Sutter County,CA,counties
Tehama County,CA,counties
Trinity County,CA,counties
Tulare County,CA,counties
Tuolumne County,CA,counties
Ventura County,CA,counties
Yolo County,CA,counties
Yuba County,CA,counties
,CA,brewery
Adams County,CO,counties
Alamosa County,CO,counties
Arapahoe County,CO,counties
Archuleta County,CO,counties
Baca County,CO,counties
Bent County,CO,counties
Boulder County,CO,counties
Broomfield County,CO,counties
Chaffee County,CO,counties
Cheyenne County,CO,counties
Clear Creek County,CO,counties
Conejos County,CO,counties
Costilla County,CO,counties
Crowley County,CO,counties
Custer County,CO,counties
Delta County,CO,counties
Denver County,CO,counties
Dolores County,CO,counties
Douglas County,CO,counties
Eagle County,CO,counties
El Paso County,CO,counties
Elbert County,CO,counties
Fremont County,CO,counties
Garfield County,CO,counties
Gilpin County,CO,counties
Grand County,CO,counties
Gunnison County,CO,counties
Hinsdale County,CO,counties
Huerfano County,CO,counties
Jackson County,CO,counties
Jefferson County,CO,counties
Kiowa County,CO,counties
Kit Carson County,CO,counties
La Plata County,CO,counties
Lake County,CO,counties
Larimer County,CO,counties
Las Animas County,CO,counties
Lincoln County,CO,counties
Logan County,CO,counties
Mesa County,CO,counties
Mineral County,CO,counties
Moffat County,CO,counties
Montezuma County,CO,counties
Montrose County,CO,counties
Morgan County,CO,counties
Otero County,CO,counties
Ouray County,CO,counties
Park County,CO,counties
Phillips County,CO,counties
Pitkin County,CO,counties
Prowers County,CO,counties
Pueblo County,CO,counties
Rio Blanco County,CO,counties
Rio Grande County,CO,counties
Routt County,CO,counties
Saguache County,CO,counties
San Juan County,CO,counties
San Miguel County,CO,counties
Sedgwick County,CO,counties
Summit County,CO,counties
Teller County,CO,counties
Washington County,CO,counties
Weld County,CO,counties
Yuma County,CO,counties
Fairfield County,CT,counties
Hartford County,CT,counties
Litchfield County,CT,counties
Middlesex County,CT,counties
New Haven County,CT,counties
New London County,CT,counties
Tolland County,CT,counties
Windham County,CT,counties
,CT,brewery
District of Columbia,DC,counties
District of Columbia County,DC,brewery
Kent County,DE,counties
New Castle County,DE,counties
Sussex County,DE,counties
Alachua County,FL,counties
Baker County,FL,counties
Bay County,FL,counties
Bradford County,FL,counties
Brevard County,FL,counties
Broward County,FL,counties
Calhoun County,FL,counties
Charlotte County,FL,counties
Citrus County,FL,counties
Clay County,FL,counties
Collier County,FL,counties
Columbia County,FL,counties
DeSoto County,FL,counties
Dixie County,FL,counties
Duval County,FL,counties
Escambia County,FL,counties
Flagler County,FL,counties
Franklin County,FL,counties
Gadsden County,FL,counties
Gilchrist County,FL,counties
Glades County,FL,counties
Gulf County,FL,counties
Hamilton County,FL,counties
Hardee County,FL,counties
Hendry County,FL,counties
Hernando County,FL,counties
Highlands County,FL,counties
Hillsborough County,FL,counties
Holmes County,FL,counties
Indian River County,FL,counties
Jackson County,FL,counties
Jefferson County,FL,counties
Lafayette County,FL,counties
Lake County,FL,counties
Lee County,FL,counties
Leon County,FL,counties
Levy County,FL,counties
Liberty County,FL,counties
Madison County,FL,counties
Manatee County,FL,counties
Marion County,FL,counties
Martin County,FL,counties
Miami-Dade County,FL,counties
Monroe County,FL,counties
Nassau County,FL,counties
Okaloosa County,FL,counties
Okeechobee County,FL,counties
Orange County,FL,counties
Osceola County,FL,counties
Palm Beach County,FL,counties
Pasco County,FL,counties
Pinellas County,FL,counties
Polk County,FL,counties
Putnam County,FL,counties
Santa Rosa County,FL,counties
Sarasota County,FL,counties
Seminole County,FL,counties
St. Johns County,FL,counties
St. Lucie County,FL,counties
Sumter County,FL,counties
Suwannee County,FL,counties
Taylor County,FL,counties
Union County,FL,counties
Volusia County,FL,counties
Wakulla County,FL,counties
Walton County,FL,counties
Washington County,FL,counties
,FL,brewery
Appling County,GA,counties
Atkinson County,GA,counties
Bacon County,GA,counties
Baker County,GA,counties
Baldwin County,GA,counties
Banks County,GA,counties
Barrow County,GA,counties
Bartow County,GA,counties
Ben Hill County,GA,counties
Berrien County,GA,counties
Bibb County,GA,counties
Bleckley County,GA,counties
Brantley County,GA,counties
Brooks County,GA,counties
Bryan County,GA,counties
Bulloch County,GA,counties
Burke County,GA,counties
Butts County,GA,counties
Calhoun County,GA,counties
Camden County,GA,counties
Candler County,GA,counties
Carroll County,GA,counties
Catoosa County,GA,counties
Charlton County,GA,counties
Chatham County,GA,counties
Chattahoochee County,GA,counties
Chattooga County,GA,counties
Cherokee County,GA,counties
Clarke County,GA,counties
Clay County,GA,counties
Clayton County,GA,counties
Clinch County,GA,counties
Cobb County,GA,counties
Coffee County,GA,counties
Colquitt County,GA,counties
Columbia County,GA,counties
Cook County,GA,counties
Coweta County,GA,counties
Crawford County,GA,counties
Crisp County,GA,counties
Dade County,GA,counties
Dawson County,GA,counties
DeKalb County,GA,counties
Decatur County,GA,counties
Dodge County,GA,counties
Dooly County,GA,counties
Dougherty County,GA,counties
Douglas County,GA,counties
Early County,GA,counties
Echols County,GA,counties
Effingham County,GA,counties
Elbert County,GA,counties
Emanuel County,GA,counties
Evans County,GA,counties
Fannin County,GA,counties
Fayette County,GA,counties
Floyd County,GA,counties
Forsyth County,GA,counties
Franklin County,GA,counties
Fulton County,GA,counties
Gilmer County,GA,counties
Glascock County,GA,counties
Glynn County,GA,counties
Gordon County,GA,counties
Grady County,GA,counties
Greene County,GA,counties
Gwinnett County,GA,counties
Habersham County,GA,counties
Hall County,GA,counties
Hancock County,GA,counties
Haralson County,GA,counties
Harris County,GA,counties
Hart County,GA,counties
Heard County,GA,counties
Henry County,GA,counties
Houston County,GA,counties
Irwin County,GA,counties
Jackson County,GA,counties
Jasper County,GA,counties
Jeff Davis County,GA,counties
Jefferson County,GA,counties
Jenkins County,GA,counties
Johnson County,GA,counties
Jones County,GA,counties
Lamar County,GA,counties
Lanier County,GA,counties
Laurens County,GA,counties
Lee County,GA,counties
Liberty County,GA,counties
Lincoln County,GA,counties
Long County,GA,counties
Lowndes County,GA,counties
Lumpkin County,GA,counties
Macon County,GA,counties
Madison County,GA,counties
Marion County,GA,counties
McDuffie County,GA,counties
McIntosh County,GA,counties
Meriwether County,GA,counties
Miller County,GA,counties
Mitchell County,GA,counties
Monroe County,GA,counties
Montgomery County,GA,counties
Morgan County,GA,counties
Murray County,GA,counties
Muscogee County,GA,counties
Newton County,GA,counties
Oconee County,GA,counties
Oglethorpe County,GA,counties
Paulding County,GA,counties
Peach County,GA,counties
Pickens County,GA,counties
Pierce County,GA,counties
Pike County,GA,counties
Polk County,GA,counties
Pulaski County,GA,counties
Putnam County,GA,counties
Quitman County,GA,counties
Rabun County,GA,counties
Randolph County,GA,counties
Richmond County,GA,counties
Rockdale County,GA,counties
Schley County,GA,counties
Screven County,GA,counties
Seminole County,GA,counties
Spalding County,GA,counties
Stephens County,GA,counties
Stewart County,GA,counties
Sumter County,GA,counties
Talbot County,GA,counties
Taliaferro County,GA,counties
Tattnall County,GA,counties
Taylor County,GA,counties
Telfair County,GA,counties
Terrell County,GA,counties
Thomas County,GA,counties
Tift County,GA,counties
Toombs County,GA,counties
Towns County,GA,counties
Treutlen County,GA,counties
Troup County,GA,counties
Turner County,GA,counties
Twiggs County,GA,counties
Union County,GA,counties
Upson County,GA,counties
Walker County,GA,counties
Walton County,GA,counties
Ware County,GA,counties
Warren County,GA,counties
Washington County,GA,counties
Wayne County,GA,counties
Webster County,GA,counties
Wheeler County,GA,counties
White County,GA,counties
Whitfield County,GA,counties
Wilcox County,GA,counties
Wilkes County,GA,counties
Wilkinson County,GA,counties
Worth County,GA,counties
Hawaii County,HI,counties
Honolulu County,HI,counties
Kalawao County,HI,counties
Kauai County,HI,counties
Maui County,HI,counties
,HI,brewery
Adair County,IA,counties
Adams County,IA,counties
Allamakee County,IA,counties
Appanoose County,IA,counties
Audubon County,IA,counties
Benton County,IA,counties
Black Hawk County,IA,counties
Boone County,IA,counties
Bremer County,IA,counties
Buchanan County,IA,counties
Buena Vista County,IA,counties
Butler County,IA,counties
Calhoun County,IA,counties
Carroll County,IA,counties
Cass County,IA,counties
Cedar County,IA,counties
Cerro Gordo County,IA,counties
Cherokee County,IA,counties
Chickasaw County,IA,counties
Clarke County,IA,counties
Clay County,IA,counties
Clayton County,IA,counties
Clinton County,IA,counties
Crawford County,IA,counties
Dallas County,IA,counties
Davis County,IA,counties
Decatur County,IA,counties
Delaware County,IA,counties
Des Moines County,IA,counties
Dickinson County,IA,counties
Dubuque County,IA,counties
Emmet County,IA,counties
Fayette County,IA,counties
Floyd County,IA,counties
Franklin County,IA,counties
Fremont County,IA,counties
Greene County,IA,counties
Grundy County,IA,counties
Guthrie County,IA,counties
Hamilton County,IA,counties
Hancock County,IA,counties
Hardin County,IA,counties
Harrison County,IA,counties
Henry County,IA,counties
Howard County,IA,counties
Humboldt County,IA,counties
Ida County,IA,counties
Iowa County,IA,counties
Jackson County,IA,counties
Jasper County,IA,counties
Jefferson County,IA,counties
Johnson County,IA,counties
Jones County,IA,counties
Keokuk County,IA,counties
Kossuth County,IA,counties
Lee County,IA,counties
Linn County,IA,counties
Louisa County,IA,counties
Lucas County,IA,counties
Lyon County,IA,counties
Madison County,IA,counties
Mahaska County,IA,counties
Marion County,IA,counties
Marshall County,IA,counties
Mills County,IA,counties
Mitchell County,IA,counties
Monona County,IA,counties
Monroe County,IA,counties
Montgomery County,IA,counties
Muscatine County,IA,counties
O'Brien County,IA,counties
Osceola County,IA,counties
Page County,IA,counties
Palo Alto County,IA,counties
Plymouth County,IA,counties
Pocahontas County,IA,counties
Polk County,IA,counties
Pottawattamie County,IA,counties
Poweshiek County,IA,counties
Ringgold County,IA,counties
Sac County,IA,counties
Scott County,IA,counties
Shelby County,IA,counties
Sioux County,IA,counties
Story County,IA,counties
Tama County,IA,counties
Taylor County,IA,counties
Union County,IA,counties
Van Buren County,IA,counties
Wapello County,IA,counties
Warren County,IA,counties
Washington County,IA,counties
Wayne County,IA,counties
Webster County,IA,counties
Winnebago County,IA,counties
Winneshiek County,IA,counties
Woodbury County,IA,counties
Worth County,IA,counties
Wright County,IA,counties
Ada County,ID,counties
Adams County,ID,counties
Bannock County,ID,counties
Bear Lake County,ID,counties
Benewah County,ID,counties
Bingham County,ID,counties
Blaine County,ID,counties
Boise County,ID,counties
Bonner County,ID,counties
Bonneville County,ID,counties
Boundary County,ID,counties
Butte County,ID,counties
Camas County,ID,counties
Canyon County,ID,counties
Caribou County,ID,counties
Cassia County,ID,counties
Clark County,ID,counties
Clearwater County,ID,counties
Custer County,ID,counties
Elmore County,ID,counties
Franklin County,ID,counties
Fremont County,ID,counties
Gem County,ID,counties
Gooding County,ID,counties
Idaho County,ID,counties
Jefferson County,ID,counties
Jerome County,ID,counties
Kootenai County,ID,counties
Latah County,ID,counties
Lemhi County,ID,counties
Lewis County,ID,counties
Lincoln County,ID,counties
Madison County,ID,counties
Minidoka County,ID,counties
Nez Perce County,ID,counties
Oneida County,ID,counties
Owyhee County,ID,counties
Payette County,ID,counties
Power County,ID,counties
Shoshone County,ID,counties
Teton County,ID,counties
Twin Falls County,ID,counties
Valley County,ID,counties
Washington County,ID,counties
Adams County,IL,counties
Alexander County,IL,counties
Bond County,IL,counties
Boone County,IL,counties
Brown County,IL,counties
Bureau County,IL,counties
Calhoun County,IL,counties
Carroll County,IL,counties
Cass County,IL,counties
Champaign County,IL,counties
Christian County,IL,counties
Clark County,IL,counties
Clay County,IL,counties
Clinton County,IL,counties
Coles County,IL,counties
Cook County,IL,counties
Crawford County,IL,counties
Cumberland County,IL,counties
De Witt County,IL,counties
DeKalb County,IL,counties
Douglas County,IL,counties
DuPage County,IL,counties
Edgar County,IL,counties
Edwards County,IL,counties
Effingham County,IL,counties
Fayette County,IL,counties
Ford County,IL,counties
Franklin County,IL,counties
Fulton County,IL,counties
Gallatin County,IL,counties
Greene County,IL,counties
Grundy County,IL,counties
Hamilton County,IL,counties
Hancock County,IL,counties
Hardin County,IL,counties
Henderson County,IL,counties
Henry County,IL,counties
Iroquois County,IL,counties
Jackson County,IL,counties
Jasper County,IL,counties
Jefferson County,IL,counties
Jersey County,IL,counties
Jo Daviess County,IL,counties
Johnson County,IL,counties
Kane County,IL,counties
Kankakee County,IL,counties
Kendall County,IL,counties
Knox County,IL,counties
LaSalle County,IL,counties
Lake County,IL,counties
Lawrence County,IL,counties
Lee County,IL,counties
Livingston County,IL,counties
Logan County,IL,counties
Macon County,IL,counties
Macoupin County,IL,counties
Madison County,IL,counties
Marion County,IL,counties
Marshall County,IL,counties
Mason County,IL,counties
Massac County,IL,counties
McDonough County,IL,counties
McHenry County,IL,counties
McLean County,IL,counties
Menard County,IL,counties
Mercer County,IL,counties
Monroe County,IL,counties
Montgomery County,IL,counties
Morgan County,IL,counties
Moultrie County,IL,counties
Ogle County,IL,counties
Peoria County,IL,counties
Perry County,IL,counties
Piatt County,IL,counties
Pike County,IL,counties
Pope County,IL,counties
Pulaski County,IL,counties
Putnam County,IL,counties
Randolph County,IL,counties
Richland County,IL,counties
Rock Island County,IL,counties
Saline County,IL,counties
Sangamon County,IL,counties
Schuyler County,IL,counties
Scott County,IL,counties
Shelby County,IL,counties
St. Clair County,IL,counties
Stark County,IL,counties
Stephenson County,IL,counties
Tazewell County,IL,counties
Union County,IL,counties
Vermilion County,IL,counties
Wabash County,IL,counties
Warren County,IL,counties
Washington County,IL,counties
Wayne County,IL,counties
White County,IL,counties
Whiteside County,IL,counties
Will County,IL,counties
Williamson County,IL,counties
Winnebago County,IL,counties
Woodford County,IL,counties
Adams County,IN,counties
Allen County,IN,counties
Bartholomew County,IN,counties
Benton County,IN,counties
Blackford County,IN,counties
Boone County,IN,counties
Brown County,IN,counties
Carroll County,IN,counties
Cass County,IN,counties
Clark County,IN,counties
Clay County,IN,counties
Clinton County,IN,counties
Crawford County,IN,counties
Daviess County,IN,counties
DeKalb County,IN,counties
Dearborn County,IN,counties
Decatur County,IN,counties
Delaware County,IN,counties
Dubois County,IN,counties
Elkhart County,IN,counties
Fayette County,IN,counties
Floyd County,IN,counties
Fountain County,IN,counties
Franklin County,IN,counties
Fulton County,IN,counties
Gibson County,IN,counties
Grant County,IN,counties
Greene County,IN,counties
Hamilton County,IN,counties
Hancock County,IN,counties
Harrison County,IN,counties
Hendricks County,IN,counties
Henry County,IN,counties
Howard County,IN,counties
Huntington County,IN,counties
Jackson County,IN,counties
Jasper County,IN,counties
Jay County,IN,counties
Jefferson County,IN,counties
Jennings County,IN,counties
Johnson County,IN,counties
Knox County,IN,counties
Kosciusko County,IN,counties
LaGrange County,IN,counties
LaPorte County,IN,counties
Lake County,IN,counties
Lawrence County,IN,counties
Madison County,IN,counties
Marion County,IN,counties
Marshall County,IN,counties
Martin County,IN,counties
Miami County,IN,counties
Monroe County,IN,counties
Montgomery County,IN,counties
Morgan County,IN,counties
Newton County,IN,counties
Noble County,IN,counties
Ohio County,IN,counties
Orange County,IN,counties
Owen County,IN,counties
Parke County,IN,counties
Perry County,IN,counties
Pike County,IN,counties
Porter County,IN,counties
Posey County,IN,counties
Pulaski County,IN,counties
Putnam County,IN,counties
Randolph County,IN,counties
Ripley County,IN,counties
Rush County,IN,counties
Scott County,IN,counties
Shelby County,IN,counties
Spencer County,IN,counties
St. Joseph County,IN,counties
Starke County,IN,counties
Steuben County,IN,counties
Sullivan County,IN,counties
Switzerland County,IN,counties
Tippecanoe County,IN,counties
Tipton County,IN,counties
Union County,IN,counties
Vanderburgh County,IN,counties
Vermillion County,IN,counties
Vigo County,IN,counties
Wabash County,IN,counties
Warren County,IN,counties
Warrick County,IN,counties
Washington County,IN,counties
Wayne County,IN,counties
Wells County,IN,counties
White County,IN,counties
Whitley County,IN,counties
Allen County,KS,counties
Anderson County,KS,counties
Atchison County,KS,counties
Barber County,KS,counties
Barton County,KS,counties
Bourbon County,KS,counties
Brown County,KS,counties
Butler County,KS,counties
Chase County,KS,counties
Chautauqua County,KS,counties
Cherokee County,KS,counties
Cheyenne County,KS,counties
Clark County,KS,counties
Clay County,KS,counties
Cloud County,KS,counties
Coffey County,KS,counties
Comanche County,KS,counties
Cowley County,KS,counties
Crawford County,KS,counties
Decatur County,KS,counties
Dickinson County,KS,counties
Doniphan County,KS,counties
Douglas County,KS,counties
Edwards County,KS,counties
Elk County,KS,counties
Ellis County,KS,counties
Ellsworth County,KS,counties
Finney County,KS,counties
Ford County,KS,counties
Franklin County,KS,counties
Geary County,KS,counties
Gove County,KS,counties
Graham County,KS,counties
Grant County,KS,counties
Gray County,KS,counties
Greeley County,KS,counties
Greenwood County,KS,counties
Hamilton County,KS,counties
Harper County,KS,counties
Harvey County,KS,counties
Haskell County,KS,counties
Hodgeman County,KS,counties
Jackson County,KS,counties
Jefferson County,KS,counties
Jewell County,KS,counties
Johnson County,KS,counties
Kearny County,KS,counties
Kingman County,KS,counties
Kiowa County,KS,counties
Labette County,KS,counties
Lane County,KS,counties
Leavenworth County,KS,counties
Lincoln County,KS,counties
Linn County,KS,counties
Logan County,KS,counties
Lyon County,KS,counties
Marion County,KS,counties
Marshall County,KS,counties
McPherson County,KS,counties
Meade County,KS,counties
Miami County,KS,counties
Mitchell County,KS,counties
Montgomery County,KS,counties
Morris County,KS,counties
Morton County,KS,counties
Nemaha County,KS,counties
Neosho County,KS,counties
Ness County,KS,counties
Norton County,KS,counties
Osage County,KS,counties
Osborne County,KS,counties
Ottawa County,KS,counties
Pawnee County,KS,counties
Phillips County,KS,counties
Pottawatomie County,KS,counties
Pratt County,KS,counties
Rawlins County,KS,counties
Reno County,KS,counties
Republic County,KS,counties
Rice County,KS,counties
Riley County,KS,counties
Rooks County,KS,counties
Rush County,KS,counties
Russell County,KS,counties
Saline County,KS,counties
Scott County,KS,counties
Sedgwick County,KS,counties
Seward County,KS,counties
Shawnee County,KS,counties
Sheridan County,KS,counties
Sherman County,KS,counties
Smith County,KS,counties
Stafford County,KS,counties
Stanton County,KS,counties
Stevens County,KS,counties
Sumner County,KS,counties
Thomas County,KS,counties
Trego County,KS,counties
Wabaunsee County,KS,counties
Wallace County,KS,counties
Washington County,KS,counties
Wichita County,KS,counties
Wilson County,KS,counties
Woodson County,KS,counties
Wyandotte County,KS,counties
Adair County,KY,counties
Allen County,KY,counties
Anderson County,KY,counties
Ballard County,KY,counties
Barren County,KY,counties
Bath County,KY,counties
Bell County,KY,counties
Boone County,KY,counties
Bourbon County,KY,counties
Boyd County,KY,counties
Boyle County,KY,counties
Bracken County,KY,counties
Breathitt County,KY,counties
Breckinridge County,KY,counties
Bullitt County,KY,counties
Butler County,KY,counties
Caldwell County,KY,counties
Calloway County,KY,counties
Campbell County,KY,counties
Carlisle County,KY,counties
Carroll County,KY,counties
Carter County,KY,counties
Casey County,KY,counties
Christian County,KY,counties
Clark County,KY,counties
Clay County,KY,counties
Clinton County,KY,counties
Crittenden County,KY,counties
Cumberland County,KY,counties
Daviess County,KY,counties
Edmonson County,KY,counties
Elliott County,KY,counties
Estill County,KY,counties
Fayette County,KY,counties
Fleming County,KY,counties
Floyd County,KY,counties
Franklin County,KY,counties
Fulton County,KY,counties
Gallatin County,KY,counties
Garrard County,KY,counties
Grant County,KY,counties
Graves County,KY,counties
Grayson County,KY,counties
Green County,KY,counties
Greenup County,KY,counties
Hancock County,KY,counties
Hardin County,KY,counties
Harlan County,KY,counties
Harrison County,KY,counties
Hart County,KY,counties
Henderson County,KY,counties
Henry County,KY,counties
Hickman County,KY,counties
Hopkins County,KY,counties
Jackson County,KY,counties
Jefferson County,KY,counties
Jessamine County,KY,counties
Johnson County,KY,counties
Kenton County,KY,counties
Knott County,KY,counties
Knox County,KY,counties
Larue County,KY,counties
Laurel County,KY,counties
Lawrence County,KY,counties
Lee County,KY,counties
Leslie County,KY,counties
Letcher County,KY,counties
Lewis County,KY,counties
Lincoln County,KY,counties
Livingston County,KY,counties
Logan County,KY,counties
Lyon County,KY,counties
Madison County,KY,counties
Magoffin County,KY,counties
Marion County,KY,counties
Marshall County,KY,counties
Martin County,KY,counties
Mason County,KY,counties
McCracken County,KY,counties
McCreary County,KY,counties
McLean County,KY,counties
Meade County,KY,counties
Menifee County,KY,counties
Mercer County,KY,counties
Metcalfe County,KY,counties
Monroe County,KY,counties
Montgomery County,KY,counties
Morgan County,KY,counties
Muhlenberg County,KY,counties
Nelson County,KY,counties
Nicholas County,KY,counties
Ohio County,KY,counties
Oldham County,KY,counties
Owen County,KY,counties
Owsley County,KY,counties
Pendleton County,KY,counties
Perry County,KY,counties
Pike County,KY,counties
Powell County,KY,counties
Pulaski County,KY,counties
Robertson County,KY,counties
Rockcastle County,KY,counties
Rowan County,KY,counties
Russell County,KY,counties
Scott County,KY,counties
Shelby County,KY,counties
Simpson County,KY,counties
Spencer County,KY,counties
Taylor County,KY,counties
Todd County,KY,counties
Trigg County,KY,counties
Trimble County,KY,counties
Union County,KY,counties
Warren County,KY,counties
Washington County,KY,counties
Wayne County,KY,counties
Webster County,KY,counties
Whitley County,KY,counties
Wolfe County,KY,counties
Woodford County,KY,counties
Acadia Parish,LA,counties
Allen Parish,LA,counties
Ascension Parish,LA,counties
Assumption Parish,LA,counties
Avoyelles Parish,LA,counties
Beauregard Parish,LA,counties
Bienville Parish,LA,counties
Bossier Parish,LA,counties
Caddo Parish,LA,counties
Calcasieu Parish,LA,counties
Caldwell Parish,LA,counties
Cameron Parish,LA,counties
Catahoula Parish,LA,counties
Claiborne Parish,LA,counties
Concordia Parish,LA,counties
De Soto Parish,LA,counties
East Baton Rouge Parish,LA,counties
East Carroll Parish,LA,counties
East Feliciana Parish,LA,counties
Evangeline Parish,LA,counties
Franklin Parish,LA,counties
Grant Parish,LA,counties
Iberia Parish,LA,counties
Iberville Parish,LA,counties
Jackson Parish,LA,counties
Jefferson Davis Parish,LA,counties
Jefferson Parish,LA,counties
LaSalle Parish,LA,counties
Lafayette Parish,LA,counties
Lafourche Parish,LA,counties
Lincoln Parish,LA,counties
Livingston Parish,LA,counties
Madison Parish,LA,counties
Morehouse Parish,LA,counties
Natchitoches Parish,LA,counties
Orleans Parish,LA,counties
Ouachita Parish,LA,counties
Plaquemines Parish,LA,counties
Pointe Coupee Parish,LA,counties
Rapides Parish,LA,counties
Red River Parish,LA,counties
Richland Parish,LA,counties
Sabine Parish,LA,counties
St. Bernard Parish,LA,counties
St. Charles Parish,LA,counties
St. Helena Parish,LA,counties
St. James Parish,LA,counties
St. John the Baptist Parish,LA,counties
St. Landry Parish,LA,counties
St. Martin Parish,LA,counties
St. Mary Parish,LA,counties
St. Tammany Parish,LA,counties
Tangipahoa Parish,LA,counties
Tensas Parish,LA,counties
Terrebonne Parish,LA,counties
Union Parish,LA,counties
Vermilion Parish,LA,counties
Vernon Parish,LA,counties
Washington Parish,LA,counties
Webster Parish,LA,counties
West Baton Rouge Parish,LA,counties
West Carroll Parish,LA,counties
West Feliciana Parish,LA,counties
Winn Parish,LA,counties
Barnstable County,MA,counties
Berkshire County,MA,counties
Bristol County,MA,counties
Dukes County,MA,counties
Essex County,MA,counties
Franklin County,MA,counties
Hampden County,MA,counties
Hampshire County,MA,counties
Middlesex County,MA,counties
Nantucket County,MA,counties
Norfolk County,MA,counties
Plymouth County,MA,counties
Suffolk County,MA,counties
Worcester County,MA,counties
,MA,brewery
Allegany County,MD,counties
Anne Arundel County,MD,counties
Baltimore City County,MD,brewery
Baltimore County,MD,counties
Baltimore city,MD,counties
Calvert County,MD,counties
Caroline County,MD,counties
Carroll County,MD,counties
Cecil County,MD,counties
Charles County,MD,counties
Dorchester County,MD,counties
Frederick County,MD,counties
Garrett County,MD,counties
Harford County,MD,counties
Howard County,MD,counties
Kent County,MD,counties
Montgomery County,MD,counties
Prince George's County,MD,counties
Queen Anne's County,MD,counties
Somerset County,MD,counties
St. Mary's County,MD,counties
Talbot County,MD,counties
Washington County,MD,counties
Wicomico County,MD,counties
Worcester County,MD,counties
,MD,brewery
Androscoggin County,ME,counties
Aroostook County,ME,counties
Cumberland County,ME,counties
Franklin County,ME,counties
Hancock County,ME,counties
Kennebec County,ME,counties
Knox County,ME,counties
Lincoln County,ME,counties
Oxford County,ME,counties
Penobscot County,ME,counties
Piscataquis County,ME,counties
Sagadahoc County,ME,counties
Somerset County,ME,counties
Waldo County,ME,counties
Washington County,ME,counties
York County,ME,counties
,ME,brewery
Alcona County,MI,counties
Alger County,MI,counties
Allegan County,MI,counties
Alpena County,MI,counties
Antrim County,MI,counties
Arenac County,MI,counties
Baraga County,MI,counties
Barry County,MI,counties
Bay County,MI,counties
Benzie County,MI,counties
Berrien County,MI,counties
Branch County,MI,counties
Calhoun County,MI,counties
Cass County,MI,counties
Charlevoix County,MI,counties
Cheboygan County,MI,counties
Chippewa County,MI,counties
Clare County,MI,counties
Clinton County,MI,counties
Crawford County,MI,counties
Delta County,MI,counties
Dickinson County,MI,counties
Eaton County,MI,counties
Emmet County,MI,counties
Genesee County,MI,counties
Gladwin County,MI,counties
Gogebic County,MI,counties
Grand Traverse County,MI,counties
Gratiot County,MI,counties
Hillsdale County,MI,counties
Houghton County,MI,counties
Huron County,MI,counties
Ingham County,MI,counties
Ionia County,MI,counties
Iosco County,MI,counties
Iron County,MI,counties
Isabella County,MI,counties
Jackson County,MI,counties
Kalamazoo County,MI,counties
Kalkaska County,MI,counties
Kent County,MI,counties
Keweenaw County,MI,counties
Lake County,MI,counties
Lapeer County,MI,counties
Leelanau County,MI,counties
Lenawee County,MI,counties
Livingston County,MI,counties
Luce County,MI,counties
Mackinac County,MI,counties
Macomb County,MI,counties
Manistee County,MI,counties
Marquette County,MI,counties
Mason County,MI,counties
Mecosta County,MI,counties
Menominee County,MI,counties
Midland County,MI,counties
Missaukee County,MI,counties
Monroe County,MI,counties
Montcalm County,MI,counties
Montmorency County,MI,counties
Muskegon County,MI,counties
Newaygo County,MI,counties
Oakland County,MI,counties
Oceana County,MI,counties
Ogemaw County,MI,counties
Ontonagon County,MI,counties
Osceola County,MI,counties
Oscoda County,MI,counties
Otsego County,MI,counties
Ottawa County,MI,counties
Presque Isle County,MI,counties
Roscommon County,MI,counties
Saginaw County,MI,counties
Sanilac County,MI,counties
Schoolcraft County,MI,counties
Shiawassee County,MI,counties
St. Clair County,MI,counties
St. Joseph County,MI,counties
Tuscola County,MI,counties
Van Buren County,MI,counties
Washtenaw County,MI,counties
Wayne County,MI,counties
Wexford County,MI,counties
,MI,brewery
Aitkin County,MN,counties
Anoka County,MN,counties
Becker County,MN,counties
Beltrami County,MN,counties
Benton County,MN,counties
Big Stone County,MN,counties
Blue Earth County,MN,counties
Brown County,MN,counties
Carlton County,MN,counties
Carver County,MN,counties
Cass County,MN,counties
Chippewa County,MN,counties
Chisago County,MN,counties
Clay County,MN,counties
Clearwater County,MN,counties
Cook County,MN,counties
Cottonwood County,MN,counties
Crow Wing County,MN,counties
Dakota County,MN,counties
Dodge County,MN,counties
Douglas County,MN,counties
Faribault County,MN,counties
Fillmore County,MN,counties
Freeborn County,MN,counties
Goodhue County,MN,counties
Grant County,MN,counties
Hennepin County,MN,counties
Houston County,MN,counties
Hubbard County,MN,counties
Isanti County,MN,counties
Itasca County,MN,counties
Jackson County,MN,counties
Kanabec County,MN,counties
Kandiyohi County,MN,counties
Kittson County,MN,counties
Koochiching County,MN,counties
Lac qui Parle County,MN,counties
Lake County,MN,counties
Lake of the Woods County,MN,counties
Le Sueur County,MN,counties
Lincoln County,MN,counties
Lyon County,MN,counties
Mahnomen County,MN,counties
Marshall County,MN,counties
Martin County,MN,counties
McLeod County,MN,counties
Meeker County,MN,counties
Mille Lacs County,MN,counties
Morrison County,MN,counties
Mower County,MN,counties
Murray County,MN,counties
Nicollet County,MN,counties
Nobles County,MN,counties
Norman County,MN,counties
Olmsted County,MN,counties
Otter Tail County,MN,counties
Pennington County,MN,counties
Pine County,MN,counties
Pipestone County,MN,counties
Polk County,MN,counties
Pope County,MN,counties
Ramsey County,MN,counties
Red Lake County,MN,counties
Redwood County,MN,counties
Renville County,MN,counties
Rice County,MN,counties
Rock County,MN,counties
Roseau County,MN,counties
Scott County,MN,counties
Sherburne County,MN,counties
Sibley County,MN,counties
St. Louis County,MN,counties
Stearns County,MN,counties
Steele County,MN,counties
Stevens County,MN,counties
Swift County,MN,counties
Todd County,MN,counties
Traverse County,MN,counties
Wabasha County,MN,counties
Wadena County,MN,counties
Waseca County,MN,counties
Washington County,MN,counties
Watonwan County,MN,counties
Wilkin County,MN,counties
Winona County,MN,counties
Wright County,MN,counties
Yellow Medicine County,MN,counties
,MN,brewery
Adair County,MO,counties
Andrew County,MO,counties
Atchison County,MO,counties
Audrain County,MO,counties
Barry County,MO,counties
Barton County,MO,counties
Bates County,MO,counties
Benton County,MO,counties
Bollinger County,MO,counties
Boone County,MO,counties
Buchanan County,MO,counties
Butler County,MO,counties
Caldwell County,MO,counties
Callaway County,MO,counties
Camden County,MO,counties
Cape Girardeau County,MO,counties
Carroll County,MO,counties
Carter County,MO,counties
Cass County,MO,counties
Cedar County,MO,counties
Chariton County,MO,counties
Christian County,MO,counties
Clark County,MO,counties
Clay County,MO,counties
Clinton County,MO,counties
Cole County,MO,counties
Cooper County,MO,counties
Crawford County,MO,counties
Dade County,MO,counties
Dallas County,MO,counties
Daviess County,MO,counties
DeKalb County,MO,counties
Dent County,MO,counties
Douglas County,MO,counties
Dunklin County,MO,counties
Franklin County,MO,counties
Gasconade County,MO,counties
Gentry County,MO,counties
Greene County,MO,counties
Grundy County,MO,counties
Harrison County,MO,counties
Henry County,MO,counties
Hickory County,MO,counties
Holt County,MO,counties
Howard County,MO,counties
Howell County,MO,counties
Iron County,MO,counties
Jackson County,MO,counties
Jasper County,MO,counties
Jefferson County,MO,counties
Johnson County,MO,counties
Knox County,MO,counties
Laclede County,MO,counties
Lafayette County,MO,counties
Lawrence County,MO,counties
Lewis County,MO,counties
Lincoln County,MO,counties
Linn County,MO,counties
Livingston County,MO,counties
Macon County,MO,counties
Madison County,MO,counties
Maries County,MO,counties
Marion County,MO,counties
McDonald County,MO,counties
Mercer County,MO,counties
Miller County,MO,counties
Mississippi County,MO,counties
Moniteau County,MO,counties
Monroe County,MO,counties
Montgomery County,MO,counties
Morgan County,MO,counties
New Madrid County,MO,counties
Newton County,MO,counties
Nodaway County,MO,counties
Oregon County,MO,counties
Osage County,MO,counties
Ozark County,MO,counties
Pemiscot County,MO,counties
Perry County,MO,counties
Pettis County,MO,counties
Phelps County,MO,counties
Pike County,MO,counties
Platte County,MO,counties
Polk County,MO,counties
Pulaski County,MO,counties
Putnam County,MO,counties
Ralls County,MO,counties
Randolph County,MO,counties
Ray County,MO,counties
Reynolds County,MO,counties
Ripley County,MO,counties
Saline County,MO,counties
Schuyler County,MO,counties
Scotland County,MO,counties
Scott County,MO,counties
Shannon County,MO,counties
Shelby County,MO,counties
St. Charles County,MO,counties
St. Clair County,MO,counties
St. Francois County,MO,counties
St. Louis County,MO,counties
St. Louis city,MO,counties
Ste. Genevieve County,MO,counties
Stoddard County,MO,counties
Stone County,MO,counties
Sullivan County,MO,counties
Taney County,MO,counties
Texas County,MO,counties
Vernon County,MO,counties
Warren County,MO,counties
Washington County,MO,counties
Wayne County,MO,counties
Webster County,MO,counties
Worth County,MO,counties
Wright County,MO,counties
,MO,brewery
Adams County,MS,counties
Alcorn County,MS,counties
Amite County,MS,counties
Attala County,MS,counties
Benton County,MS,counties
Bolivar County,MS,counties
Calhoun County,MS,counties
Carroll County,MS,counties
Chickasaw County,MS,counties
Choctaw County,MS,counties
Claiborne County,MS,counties
Clarke County,MS,counties
Clay County,MS,counties
Coahoma County,MS,counties
Copiah County,MS,counties
Covington County,MS,counties
DeSoto County,MS,counties
Forrest County,MS,counties
Franklin County,MS,counties
George County,MS,counties
Greene County,MS,counties
Grenada County,MS,counties
Hancock County,MS,counties
Harrison County,MS,counties
Hinds County,MS,counties
Holmes County,MS,counties
Humphreys County,MS,counties
Issaquena County,MS,counties
Itawamba County,MS,counties
Jackson County,MS,counties
Jasper County,MS,counties
Jefferson County,MS,counties
Jefferson Davis County,MS,counties
Jones County,MS,counties
Kemper County,MS,counties
Lafayette County,MS,counties
Lamar County,MS,counties
Lauderdale County,MS,counties
Lawrence County,MS,counties
Leake County,MS,counties
Lee County,MS,counties
Leflore County,MS,counties
Lincoln County,MS,counties
Lowndes County,MS,counties
Madison County,MS,counties
Marion County,MS,counties
Marshall County,MS,counties
Monroe County,MS,counties
Montgomery County,MS,counties
Neshoba County,MS,counties
Newton County,MS,counties
Noxubee County,MS,counties
Oktibbeha County,MS,counties
Panola County,MS,counties
Pearl River County,MS,counties
Perry County,MS,counties
Pike County,MS,counties
Pontotoc County,MS,counties
Prentiss County,MS,counties
Quitman County,MS,counties
Rankin County,MS,counties
Scott County,MS,counties
Sharkey County,MS,counties
Simpson County,MS,counties
Smith County,MS,counties
Stone County,MS,counties
Sunflower County,MS,counties
Tallahatchie County,MS,counties
Tate County,MS,counties
Tippah County,MS,counties
Tishomingo County,MS,counties
Tunica County,MS,counties
Union County,MS,counties
Walthall County,MS,counties
Warren County,MS,counties
Washington County,MS,counties
Wayne County,MS,counties
Webster County,MS,counties
Wilkinson County,MS,counties
Winston County,MS,counties
Yalobusha County,MS,counties
Yazoo County,MS,counties
Beaverhead County,MT,counties
Big Horn County,MT,counties
Blaine County,MT,counties
Broadwater County,MT,counties
Carbon County,MT,counties
Carter County,MT,counties
Cascade County,MT,counties
Chouteau County,MT,counties
Custer County,MT,counties
Daniels County,MT,counties
Dawson County,MT,counties
Deer Lodge County,MT,counties
Fallon County,MT,counties
Fergus County,MT,counties
Flathead County,MT,counties
Gallatin County,MT,counties
Garfield County,MT,counties
Glacier County,MT,counties
Golden Valley County,MT,counties
Granite County,MT,counties
Hill County,MT,counties
Jefferson County,MT,counties
Judith Basin County,MT,counties
Lake County,MT,counties
Lewis and Clark County,MT,counties
Liberty County,MT,counties
Lincoln County,MT,counties
Madison County,MT,counties
McCone County,MT,counties
Meagher County,MT,counties
Mineral County,MT,counties
Missoula County,MT,counties
Musselshell County,MT,counties
Park County,MT,counties
Petroleum County,MT,counties
Phillips County,MT,counties
Pondera County,MT,counties
Powder River County,MT,counties
Powell County,MT,counties
Prairie County,MT,counties
Ravalli County,MT,counties
Richland County,MT,counties
Roosevelt County,MT,counties
Rosebud County,MT,counties
Sanders County,MT,counties
Sheridan County,MT,counties
Silver Bow County,MT,counties
Stillwater County,MT,counties
Sweet Grass County,MT,counties
Teton County,MT,counties
Toole County,MT,counties
Treasure County,MT,counties
Valley County,MT,counties
Wheatland County,MT,counties
Wibaux County,MT,counties
Yellowstone County,MT,counties
Alamance County,NC,counties
Alexander County,NC,counties
Alleghany County,NC,counties
Anson County,NC,counties
Ashe County,NC,counties
Avery County,NC,counties
Beaufort County,NC,counties
Bertie County,NC,counties
Bladen County,NC,counties
Brunswick County,NC,counties
Buncombe County,NC,counties
Burke County,NC,counties
Cabarrus County,NC,counties
Caldwell County,NC,counties
Camden County,NC,counties
Carteret County,NC,counties
Caswell County,NC,counties
Catawba County,NC,counties
Chatham County,NC,counties
Cherokee County,NC,counties
Chowan County,NC,counties
Clay County,NC,counties
Cleveland County,NC,counties
Columbus County,NC,counties
Craven County,NC,counties
Cumberland County,NC,counties
Currituck County,NC,counties
Dare County,NC,counties
Davidson County,NC,counties
Davie County,NC,counties
Duplin County,NC,counties
Durham County,NC,counties
Edgecombe County,NC,counties
Forsyth County,NC,counties
Franklin County,NC,counties
Gaston County,NC,counties
Gates County,NC,counties
Graham County,NC,counties
Granville County,NC,counties
Greene County,NC,counties
Guilford County,NC,counties
Halifax County,NC,counties
Harnett County,NC,counties
Haywood County,NC,counties
Henderson County,NC,counties
Hertford County,NC,counties
Hoke County,NC,counties
Hyde County,NC,counties
Iredell County,NC,counties
Jackson County,NC,counties
Johnston County,NC,counties
Jones County,NC,counties
Lee County,NC,counties
Lenoir County,NC,counties
Lincoln County,NC,counties
Macon County,NC,counties
Madison County,NC,counties
Martin County,NC,counties
McDowell County,NC,counties
Mecklenburg County,NC,counties
Mitchell County,NC,counties
Montgomery County,NC,counties
Moore County,NC,counties
Nash County,NC,counties
New Hanover County,NC,counties
Northampton County,NC,counties
Onslow County,NC,counties
Orange County,NC,counties
Pamlico County,NC,counties
Pasquotank County,NC,counties
Pender County,NC,counties
Perquimans County,NC,counties
Person County,NC,counties
Pitt County,NC,counties
Polk County,NC,counties
Randolph County,NC,counties
Richmond County,NC,counties
Robeson County,NC,counties
Rockingham County,NC,counties
Rowan County,NC,counties
Rutherford County,NC,counties
Sampson County,NC,counties
Scotland County,NC,counties
Stanly County,NC,counties
Stokes County,NC,counties
Surry County,NC,counties
Swain County,NC,counties
Transylvania County,NC,counties
Tyrrell County,NC,counties
Union County,NC,counties
Vance County,NC,counties
Wake County,NC,counties
Warren County,NC,counties
Washington County,NC,counties
Watauga County,NC,counties
Wayne County,NC,counties
Wilkes County,NC,counties
Wilson County,NC,counties
Yadkin County,NC,counties
Yancey County,NC,counties
Adams County,ND,counties
Barnes County,ND,counties
Benson County,ND,counties
Billings County,ND,counties
Bottineau County,ND,counties
Bowman County,ND,counties
Burke County,ND,counties
Burleigh County,ND,counties
Cass County,ND,counties
Cavalier County,ND,counties
Dickey County,ND,counties
Divide County,ND,counties
Dunn County,ND,counties
Eddy County,ND,counties
Emmons County,ND,counties
Foster County,ND,counties
Golden Valley County,ND,counties
Grand Forks County,ND,counties
Grant County,ND,counties
Griggs County,ND,counties
Hettinger County,ND,counties
Kidder County,ND,counties
LaMoure County,ND,counties
Logan County,ND,counties
McHenry County,ND,counties
McIntosh County,ND,counties
McKenzie County,ND,counties
McLean County,ND,counties
Mercer County,ND,counties
Morton County,ND,counties
Mountrail County,ND,counties
Nelson County,ND,counties
Oliver County,ND,counties
Pembina County,ND,counties
Pierce County,ND,counties
Ramsey County,ND,counties
Ransom County,ND,counties
Renville County,ND,counties
Richland County,ND,counties
Rolette County,ND,counties
Sargent County,ND,counties
Sheridan County,ND,counties
Sioux County,ND,counties
Slope County,ND,counties
Stark County,ND,counties
Steele County,ND,counties
Stutsman County,ND,counties
Towner County,ND,counties
Traill County,ND,counties
Walsh County,ND,counties
Ward County,ND,counties
Wells County,ND,counties
Williams County,ND,counties
Adams County,NE,counties
Antelope County,NE,counties
Arthur County,NE,counties
Banner County,NE,counties
Blaine County,NE,counties
Boone County,NE,counties
Box Butte County,NE,counties
Boyd County,NE,counties
Brown County,NE,counties
Buffalo County,NE,counties
Burt County,NE,counties
Butler County,NE,counties
Cass County,NE,counties
Cedar County,NE,counties
Chase County,NE,counties
Cherry County,NE,counties
Cheyenne County,NE,counties
Clay County,NE,counties
Colfax County,NE,counties
Cuming County,NE,counties
Custer County,NE,counties
Dakota County,NE,counties
Dawes County,NE,counties
Dawson County,NE,counties
Deuel County,NE,counties
Dixon County,NE,counties
Dodge County,NE,counties
Douglas County,NE,counties
Dundy County,NE,counties
Fillmore County,NE,counties
Franklin County,NE,counties
Frontier County,NE,counties
Furnas County,NE,counties
Gage County,NE,counties
Garden County,NE,counties
Garfield County,NE,counties
Gosper County,NE,counties
Grant County,NE,counties
Greeley County,NE,counties
Hall County,NE,counties
Hamilton County,NE,counties
Harlan County,NE,counties
Hayes County,NE,counties
Hitchcock County,NE,counties
Holt County,NE,counties
Hooker County,NE,counties
Howard County,NE,counties
Jefferson County,NE,counties
Johnson County,NE,counties
Kearney County,NE,counties
Keith County,NE,counties
Keya Paha County,NE,counties
Kimball County,NE,counties
Knox County,NE,counties
Lancaster County,NE,counties
Lincoln County,NE,counties
Logan County,NE,counties
Loup County,NE,counties
Madison County,NE,counties
McPherson County,NE,counties
Merrick County,NE,counties
Morrill County,NE,counties
Nance County,NE,counties
Nemaha County,NE,counties
Nuckolls County,NE,counties
Otoe County,NE,counties
Pawnee County,NE,counties
Perkins County,NE,counties
Phelps County,NE,counties
Pierce County,NE,counties
Platte County,NE,counties
Polk County,NE,counties
Red Willow County,NE,counties
Richardson County,NE,counties
Rock County,NE,counties
Saline County,NE,counties
Sarpy County,NE,counties
Saunders County,NE,counties
Scotts Bluff County,NE,counties
Seward County,NE,counties
Sheridan County,NE,counties
Sherman County,NE,counties
Sioux County,NE,counties
Stanton County,NE,counties
Thayer County,NE,counties
Thomas County,NE,counties
Thurston County,NE,counties
Valley County,NE,counties
Washington County,NE,counties
Wayne County,NE,counties
Webster County,NE,counties
Wheeler County,NE,counties
York County,NE,counties
Belknap County,NH,counties
Carroll County,NH,counties
Cheshire County,NH,counties
Coos County,NH,counties
Grafton County,NH,counties
Hillsborough County,NH,counties
Merrimack County,NH,counties
Rockingham County,NH,counties
Strafford County,NH,counties
Sullivan County,NH,counties
Atlantic County,NJ,counties
Bergen County,NJ,counties
Burlington County,NJ,counties
Camden County,NJ,counties
Cape May County,NJ,counties
Cumberland County,NJ,counties
Essex County,NJ,counties
Gloucester County,NJ,counties
Hudson County,NJ,counties
Hunterdon County,NJ,counties
Mercer County,NJ,counties
Middlesex County,NJ,counties
Monmouth County,NJ,counties
Morris County,NJ,counties
Ocean County,NJ,counties
Passaic County,NJ,counties
Salem County,NJ,counties
Somerset County,NJ,counties
Sussex County,NJ,counties
Union County,NJ,counties
Warren County,NJ,counties
Bernalillo County,NM,counties
Catron County,NM,counties
Chaves County,NM,counties
Cibola County,NM,counties
Colfax County,NM,counties
Curry County,NM,counties
De Baca County,NM,counties
Doa Ana County,NM,counties
Eddy County,NM,counties
Grant County,NM,counties
Guadalupe County,NM,counties
Harding County,NM,counties
Hidalgo County,NM,counties
Lea County,NM,counties
Lincoln County,NM,counties
Los Alamos County,NM,counties
Luna County,NM,counties
McKinley County,NM,counties
Mora County,NM,counties
Otero County,NM,counties
Quay County,NM,counties
Rio Arriba County,NM,counties
Roosevelt County,NM,counties
San Juan County,NM,counties
San Miguel County,NM,counties
Sandoval County,NM,counties
Santa Fe County,NM,counties
Sierra County,NM,counties
Socorro County,NM,counties
Taos County,NM,counties
Torrance County,NM,counties
Union County,NM,counties
Valencia County,NM,counties
Carson City,NV,counties
Churchill County,NV,counties
Clark County,NV,counties
Douglas County,NV,counties
Elko County,NV,counties
Esmeralda County,NV,counties
Eureka County,NV,counties
Humboldt County,NV,counties
Lander County,NV,counties
Lincoln County,NV,counties
Lyon County,NV,counties
Mineral County,NV,counties
Nye County,NV,counties
Pershing County,NV,counties
Storey County,NV,counties
Washoe County,NV,counties
White Pine County,NV,counties
Albany County,NY,counties
Allegany County,NY,counties
Bronx County,NY,counties
Broome County,NY,counties
Cattaraugus County,NY,counties
Cayuga County,NY,counties
Chautauqua County,NY,counties
Chemung County,NY,counties
Chenango County,NY,counties
Clinton County,NY,counties
Columbia County,NY,counties
Cortland County,NY,counties
Delaware County,NY,counties
Dutchess County,NY,counties
Erie County,NY,counties
Essex County,NY,counties
Franklin County,NY,counties
Fulton County,NY,counties
Genesee County,NY,counties
Greene County,NY,counties
Hamilton County,NY,counties
Herkimer County,NY,counties
Jefferson County,NY,counties
Kings County,NY,counties
Lewis County,NY,counties
Livingston County,NY,counties
Madison County,NY,counties
Monroe County,NY,counties
Montgomery County,NY,counties
Nassau County,NY,counties
New York County,NY,counties
Niagara County,NY,counties
Oneida County,NY,counties
Onondaga County,NY,counties
Ontario County,NY,counties
Orange County,NY,counties
Orleans County,NY,counties
Oswego County,NY,counties
Otsego County,NY,counties
Putnam County,NY,counties
Queens County,NY,counties
Rensselaer County,NY,counties
Richmond County,NY,counties
Rockland County,NY,counties
Saratoga County,NY,counties
Schenectady County,NY,counties
Schoharie County,NY,counties
Schuyler County,NY,counties
Seneca County,NY,counties
St. Lawrence County,NY,counties
Steuben County,NY,counties
Suffolk County,NY,counties
Sullivan County,NY,counties
Tioga County,NY,counties
Tompkins County,NY,counties
Ulster County,NY,counties
Warren County,NY,counties
Washington County,NY,counties
Wayne County,NY,counties
Westchester County,NY,counties
Wyoming County,NY,counties
Yates County,NY,counties
,NY,brewery
Adams County,OH,counties
Allen County,OH,counties
Ashland County,OH,counties
Ashtabula County,OH,counties
Athens County,OH,counties
Auglaize County,OH,counties
Belmont County,OH,counties
Brown County,OH,counties
Butler County,OH,counties
Carroll County,OH,counties
Champaign County,OH,counties
Clark County,OH,counties
Clermont County,OH,counties
Clinton County,OH,counties
Columbiana County,OH,counties
Coshocton County,OH,counties
Crawford County,OH,counties
Cuyahoga County,OH,counties
Darke County,OH,counties
Defiance County,OH,counties
Delaware County,OH,counties
Erie County,OH,counties
Fairfield County,OH,counties
Fayette County,OH,counties
Franklin County,OH,counties
Fulton County,OH,counties
Gallia County,OH,counties
Geauga County,OH,counties
Greene County,OH,counties
Guernsey County,OH,counties
Hamilton County,OH,counties
Hancock County,OH,counties
Hardin County,OH,counties
Harrison County,OH,counties
Henry County,OH,counties
Highland County,OH,counties
Hocking County,OH,counties
Holmes County,OH,counties
Huron County,OH,counties
Jackson County,OH,counties
Jefferson County,OH,counties
Knox County,OH,counties
Lake County,OH,counties
Lawrence County,OH,counties
Licking County,OH,counties
Logan County,OH,counties
Lorain County,OH,counties
Lucas County,OH,counties
Madison County,OH,counties
Mahoning County,OH,counties
Marion County,OH,counties
Medina County,OH,counties
Meigs County,OH,counties
Mercer County,OH,counties
Miami County,OH,counties
Monroe County,OH,counties
Montgomery County,OH,counties
Morgan County,OH,counties
Morrow County,OH,counties
Muskingum County,OH,counties
Noble County,OH,counties
Ottawa County,OH,counties
Paulding County,OH,counties
Perry County,OH,counties
Pickaway County,OH,counties
Pike County,OH,counties
Portage County,OH,counties
Preble County,OH,counties
Putnam County,OH,counties
Richland County,OH,counties
Ross County,OH,counties
Sandusky County,OH,counties
Scioto County,OH,counties
Seneca County,OH,counties
Shelby County,OH,counties
Stark County,OH,counties
Summit County,OH,counties
Trumbull County,OH,counties
Tuscarawas County,OH,counties
Union County,OH,counties
Van Wert County,OH,counties
Vinton County,OH,counties
Warren County,OH,counties
Washington County,OH,counties
Wayne County,OH,counties
Williams County,OH,counties
Wood County,OH,counties
Wyandot County,OH,counties
Adair County,OK,counties
Alfalfa County,OK,counties
Atoka County,OK,counties
Beaver County,OK,counties
Beckham County,OK,counties
Blaine County,OK,counties
Bryan County,OK,counties
Caddo County,OK,counties
Canadian County,OK,counties
Carter County,OK,counties
Cherokee County,OK,counties
Choctaw County,OK,counties
Cimarron County,OK,counties
Cleveland County,OK,counties
Coal County,OK,counties
Comanche County,OK,counties
Cotton County,OK,counties
Craig County,OK,counties
Creek County,OK,counties
Custer County,OK,counties
Delaware County,OK,counties
Dewey County,OK,counties
Ellis County,OK,counties
Garfield County,OK,counties
Garvin County,OK,counties
Grady County,OK,counties
Grant County,OK,counties
Greer County,OK,counties
Harmon County,OK,counties
Harper County,OK,counties
Haskell County,OK,counties
Hughes County,OK,counties
Jackson County,OK,counties
Jefferson County,OK,counties
Johnston County,OK,counties
Kay County,OK,counties
Kingfisher County,OK,counties
Kiowa County,OK,counties
Latimer County,OK,counties
Le Flore County,OK,counties
Lincoln County,OK,counties
Logan County,OK,counties
Love County,OK,counties
Major County,OK,counties
Marshall County,OK,counties
Mayes County,OK,counties
McClain County,OK,counties
McCurtain County,OK,counties
McIntosh County,OK,counties
Murray County,OK,counties
Muskogee County,OK,counties
Noble County,OK,counties
Nowata County,OK,counties
Okfuskee County,OK,counties
Oklahoma County,OK,counties
Okmulgee County,OK,counties
Osage County,OK,counties
Ottawa County,OK,counties
Pawnee County,OK,counties
Payne County,OK,counties
Pittsburg County,OK,counties
Pontotoc County,OK,counties
Pottawatomie County,OK,counties
Pushmataha County,OK,counties
Roger Mills County,OK,counties
Rogers County,OK,counties
Seminole County,OK,counties
Sequoyah County,OK,counties
Stephens County,OK,counties
Texas County,OK,counties
Tillman County,OK,counties
Tulsa County,OK,counties
Wagoner County,OK,counties
Washington County,OK,counties
Washita County,OK,counties
Woods County,OK,counties
Woodward County,OK,counties
Baker County,OR,counties
Benton County,OR,counties
Clackamas County,OR,counties
Clatsop County,OR,counties
Columbia County,OR,counties
Coos County,OR,counties
Crook County,OR,counties
Curry County,OR,counties
Deschutes County,OR,counties
Douglas County,OR,counties
Gilliam County,OR,counties
Grant County,OR,counties
Harney County,OR,counties
Hood River County,OR,counties
Jackson County,OR,counties
Jefferson County,OR,counties
Josephine County,OR,counties
Klamath County,OR,counties
Lake County,OR,counties
Lane County,OR,counties
Lincoln County,OR,counties
Linn County,OR,counties
Malheur County,OR,counties
Marion County,OR,counties
Morrow County,OR,counties
Multnomah County,OR,counties
Polk County,OR,counties
Sherman County,OR,counties
Tillamook County,OR,counties
Umatilla County,OR,counties
Union County,OR,counties
Wallowa County,OR,counties
Wasco County,OR,counties
Washington County,OR,counties
Wheeler County,OR,counties
Yamhill County,OR,counties
Adams County,PA,counties
Allegheny County,PA,counties
Armstrong County,PA,counties
Beaver County,PA,counties
Bedford County,PA,counties
Berks County,PA,counties
Blair County,PA,counties
Bradford County,PA,counties
Bucks County,PA,counties
Butler County,PA,counties
Cambria County,PA,counties
Cameron County,PA,counties
Carbon County,PA,counties
Centre County,PA,counties
Chester County,PA,counties
Clarion County,PA,counties
Clearfield County,PA,counties
Clinton County,PA,counties
Columbia County,PA,counties
Crawford County,PA,counties
Cumberland County,PA,counties
Dauphin County,PA,counties
Delaware County,PA,counties
Elk County,PA,counties
Erie County,PA,counties
Fayette County,PA,counties
Forest County,PA,counties
Franklin County,PA,counties
Fulton County,PA,counties
Greene County,PA,counties
Huntingdon County,PA,counties
Indiana County,PA,counties
Jefferson County,PA,counties
Juniata County,PA,counties
Lackawanna County,PA,counties
Lancaster County,PA,counties
Lawrence County,PA,counties
Lebanon County,PA,counties
Lehigh County,PA,counties
Luzerne County,PA,counties
Lycoming County,PA,counties
McKean County,PA,counties
Mercer County,PA,counties
Mifflin County,PA,counties
Monroe County,PA,counties
Montgomery County,PA,counties
Montour County,PA,counties
Northampton County,PA,counties
Northumberland County,PA,counties
Perry County,PA,counties
Philadelphia County,PA,counties
Pike County,PA,counties
Potter County,PA,counties
Schuylkill County,PA,counties
Snyder County,PA,counties
Somerset County,PA,counties
Sullivan County,PA,counties
Susquehanna County,PA,counties
Tioga County,PA,counties
Union County,PA,counties
Venango County,PA,counties
Warren County,PA,counties
Washington County,PA,counties
Wayne County,PA,counties
Westmoreland County,PA,counties
Wyoming County,PA,counties
York County,PA,counties
,PA,brewery
Adjuntas Municipio,PR,counties
Aguada Municipio,PR,counties
Aguadilla Municipio,PR,counties
Aguas Buenas Municipio,PR,counties
Aibonito Municipio,PR,counties
Arecibo Municipio,PR,counties
Arroyo Municipio,PR,counties
Aasco Municipio,PR,counties
Barceloneta Municipio,PR,counties
Barranquitas Municipio,PR,counties
Bayamn Municipio,PR,counties
Cabo Rojo Municipio,PR,counties
Caguas Municipio,PR,counties
Camuy Municipio,PR,counties
Canvanas Municipio,PR,counties
Carolina Municipio,PR,counties
Catao Municipio,PR,counties
Cayey Municipio,PR,counties
Ceiba Municipio,PR,counties
Ciales Municipio,PR,counties
Cidra Municipio,PR,counties
Coamo Municipio,PR,counties
Comero Municipio,PR,counties
Corozal Municipio,PR,counties
Culebra Municipio,PR,counties
Dorado Municipio,PR,counties
Fajardo Municipio,PR,counties
Florida Municipio,PR,counties
Guayama Municipio,PR,counties
Guayanilla Municipio,PR,counties
Guaynabo Municipio,PR,counties
Gurabo Municipio,PR,counties
Gunica Municipio,PR,counties
Hatillo Municipio,PR,counties
Hormigueros Municipio,PR,counties
Humacao Municipio,PR,counties
Isabela Municipio,PR,counties
Jayuya Municipio,PR,counties
Juana Daz Municipio,PR,counties
Juncos Municipio,PR,counties
Lajas Municipio,PR,counties
Lares Municipio,PR,counties
Las Maras Municipio,PR,counties
Las Piedras Municipio,PR,counties
Loza Municipio,PR,counties
Luquillo Municipio,PR,counties
Manat Municipio,PR,counties
Maricao Municipio,PR,counties
Maunabo Municipio,PR,counties
Mayagez Municipio,PR,counties
Moca Municipio,PR,counties
Morovis Municipio,PR,counties
Naguabo Municipio,PR,counties
Naranjito Municipio,PR,counties
Orocovis Municipio,PR,counties
Patillas Municipio,PR,counties
Peuelas Municipio,PR,counties
Ponce Municipio,PR,counties
Quebradillas Municipio,PR,counties
Rincn Municipio,PR,counties
Ro Grande Municipio,PR,counties
Sabana Grande Municipio,PR,counties
Salinas Municipio,PR,counties
San Germn Municipio,PR,counties
San Juan Municipio,PR,counties
San Lorenzo Municipio,PR,counties
San Sebastin Municipio,PR,counties
Santa Isabel Municipio,PR,counties
Toa Alta Municipio,PR,counties
Toa Baja Municipio,PR,counties
Trujillo Alto Municipio,PR,counties
Utuado Municipio,PR,counties
Vega Alta Municipio,PR,counties
Vega Baja Municipio,PR,counties
Vieques Municipio,PR,counties
Villalba Municipio,PR,counties
Yabucoa Municipio,PR,counties
Yauco Municipio,PR,counties
Bristol County,RI,counties
Kent County,RI,counties
Newport County,RI,counties
Providence County,RI,counties
Washington County,RI,counties
Abbeville County,SC,counties
Aiken County,SC,counties
Allendale County,SC,counties
Anderson County,SC,counties
Bamberg County,SC,counties
Barnwell County,SC,counties
Beaufort County,SC,counties
Berkeley County,SC,counties
Calhoun County,SC,counties
Charleston County,SC,counties
Cherokee County,SC,counties
Chester County,SC,counties
Chesterfield County,SC,counties
Clarendon County,SC,counties
Colleton County,SC,counties
Darlington County,SC,counties
Dillon County,SC,counties
Dorchester County,SC,counties
Edgefield County,SC,counties
Fairfield County,SC,counties
Florence County,SC,counties
Georgetown County,SC,counties
Greenville County,SC,counties
Greenwood County,SC,counties
Hampton County,SC,counties
Horry County,SC,counties
Jasper County,SC,counties
Kershaw County,SC,counties
Lancaster County,SC,counties
Laurens County,SC,counties
Lee County,SC,counties
Lexington County,SC,counties
Marion County,SC,counties
Marlboro County,SC,counties
McCormick County,SC,counties
Newberry County,SC,counties
Oconee County,SC,counties
Orangeburg County,SC,counties
Pickens County,SC,counties
Richland County,SC,counties
Saluda County,SC,counties
Spartanburg County,SC,counties
Sumter County,SC,counties
Union County,SC,counties
Williamsburg County,SC,counties
York County,SC,counties
,SC,brewery
Aurora County,SD,counties
Beadle County,SD,counties
Bennett County,SD,counties
Bon Homme County,SD,counties
Brookings County,SD,counties
Brown County,SD,counties
Brule County,SD,counties
Buffalo County,SD,counties
Butte County,SD,counties
Campbell County,SD,counties
Charles Mix County,SD,counties
Clark County,SD,counties
Clay County,SD,counties
Codington County,SD,counties
Corson County,SD,counties
Custer County,SD,counties
Davison County,SD,counties
Day County,SD,counties
Deuel County,SD,counties
Dewey County,SD,counties
Douglas County,SD,counties
Edmunds County,SD,counties
Fall River County,SD,counties
Faulk County,SD,counties
Grant County,SD,counties
Gregory County,SD,counties
Haakon County,SD,counties
Hamlin County,SD,counties
Hand County,SD,counties
Hanson County,SD,counties
Harding County,SD,counties
Hughes County,SD,counties
Hutchinson County,SD,counties
Hyde County,SD,counties
Jackson County,SD,counties
Jerauld County,SD,counties
Jones County,SD,counties
Kingsbury County,SD,counties
Lake County,SD,counties
Lawrence County,SD,counties
Lincoln County,SD,counties
Lyman County,SD,counties
Marshall County,SD,counties
McCook County,SD,counties
McPherson County,SD,counties
Meade County,SD,counties
Mellette County,SD,counties
Miner County,SD,counties
Minnehaha County,SD,counties
Moody County,SD,counties
Oglala Lakota County,SD,counties
Pennington County,SD,counties
Perkins County,SD,counties
Potter County,SD,counties
Roberts County,SD,counties
Sanborn County,SD,counties
Spink County,SD,counties
Stanley County,SD,counties
Sully County,SD,counties
Todd County,SD,counties
Tripp County,SD,counties
Turner County,SD,counties
Union County,SD,counties
Walworth County,SD,counties
Yankton County,SD,counties
Ziebach County,SD,counties
Anderson County,TN,counties
Bedford County,TN,counties
Benton County,TN,counties
Bledsoe County,TN,counties
Blount County,TN,counties
Bradley County,TN,counties
Campbell County,TN,counties
Cannon County,TN,counties
Carroll County,TN,counties
Carter County,TN,counties
Cheatham County,TN,counties
Chester County,TN,counties
Claiborne County,TN,counties
Clay County,TN,counties
Cocke County,TN,counties
Coffee County,TN,counties
Crockett County,TN,counties
Cumberland County,TN,counties
Davidson County,TN,counties
DeKalb County,TN,counties
Decatur County,TN,counties
Dickson County,TN,counties
Dyer County,TN,counties
Fayette County,TN,counties
Fentress County,TN,counties
Franklin County,TN,counties
Gibson County,TN,counties
Giles County,TN,counties
Grainger County,TN,counties
Greene County,TN,counties
Grundy County,TN,counties
Hamblen County,TN,counties
Hamilton County,TN,counties
Hancock County,TN,counties
Hardeman County,TN,counties
Hardin County,TN,counties
Hawkins County,TN,counties
Haywood County,TN,counties
Henderson County,TN,counties
Henry County,TN,counties
Hickman County,TN,counties
Houston County,TN,counties
Humphreys County,TN,counties
Jackson County,TN,counties
Jefferson County,TN,counties
Johnson County,TN,counties
Knox County,TN,counties
Lake County,TN,counties
Lauderdale County,TN,counties
Lawrence County,TN,counties
Lewis County,TN,counties
Lincoln County,TN,counties
Loudon County,TN,counties
Macon County,TN,counties
Madison County,TN,counties
Marion County,TN,counties
Marshall County,TN,counties
Maury County,TN,counties
McMinn County,TN,counties
McNairy County,TN,counties
Meigs County,TN,counties
Monroe County,TN,counties
Montgomery County,TN,counties
Moore County,TN,counties
Morgan County,TN,counties
Obion County,TN,counties
Overton County,TN,counties
Perry County,TN,counties
Pickett County,TN,counties
Polk County,TN,counties
Putnam County,TN,counties
Rhea County,TN,counties
Roane County,TN,counties
Robertson County,TN,counties
Rutherford County,TN,counties
Scott County,TN,counties
Sequatchie County,TN,counties
Sevier County,TN,counties
Shelby County,TN,counties
Smith County,TN,counties
Stewart County,TN,counties
Sullivan County,TN,counties
Sumner County,TN,counties
Tipton County,TN,counties
Trousdale County,TN,counties
Unicoi County,TN,counties
Union County,TN,counties
Van Buren County,TN,counties
Warren County,TN,counties
Washington County,TN,counties
Wayne County,TN,counties
Weakley County,TN,counties
White County,TN,counties
Williamson County,TN,counties
Wilson County,TN,counties
Anderson County,TX,counties
Andrews County,TX,counties
Angelina County,TX,counties
Aransas County,TX,counties
Archer County,TX,counties
Armstrong County,TX,counties
Atascosa County,TX,counties
Austin County,TX,counties
Bailey County,TX,counties
Bandera County,TX,counties
Bastrop County,TX,counties
Baylor County,TX,counties
Bee County,TX,counties
Bell County,TX,counties
Bexar County,TX,counties
Blanco County,TX,counties
Borden County,TX,counties
Bosque County,TX,counties
Bowie County,TX,counties
Brazoria County,TX,counties
Brazos County,TX,counties
Brewster County,TX,counties
Briscoe County,TX,counties
Brooks County,TX,counties
Brown County,TX,counties
Burleson County,TX,counties
Burnet County,TX,counties
Caldwell County,TX,counties
Calhoun County,TX,counties
Callahan County,TX,counties
Cameron County,TX,counties
Camp County,TX,counties
Carson County,TX,counties
Cass County,TX,counties
Castro County,TX,counties
Chambers County,TX,counties
Cherokee County,TX,counties
Childress County,TX,counties
Clay County,TX,counties
Cochran County,TX,counties
Coke County,TX,counties
Coleman County,TX,counties
Collin County,TX,counties
Collingsworth County,TX,counties
Colorado County,TX,counties
Comal County,TX,counties
Comanche County,TX,counties
Concho County,TX,counties
Cooke County,TX,counties
Coryell County,TX,counties
Cottle County,TX,counties
Crane County,TX,counties
Crockett County,TX,counties
Crosby County,TX,counties
Culberson County,TX,counties
Dallam County,TX,counties
Dallas County,TX,counties
Dawson County,TX,counties
DeWitt County,TX,counties
Deaf Smith County,TX,counties
Delta County,TX,counties
Denton County,TX,counties
Dickens County,TX,counties
Dimmit County,TX,counties
Donley County,TX,counties
Duval County,TX,counties
Eastland County,TX,counties
Ector County,TX,counties
Edwards County,TX,counties
El Paso County,TX,counties
Ellis County,TX,counties
Erath County,TX,counties
Falls County,TX,counties
Fannin County,TX,counties
Fayette County,TX,counties
Fisher County,TX,counties
Floyd County,TX,counties
Foard County,TX,counties
Fort Bend County,TX,counties
Franklin County,TX,counties
Freestone County,TX,counties
Frio County,TX,counties
Gaines County,TX,counties
Galveston County,TX,counties
Garza County,TX,counties
Gillespie County,TX,counties
Glasscock County,TX,counties
Goliad County,TX,counties
Gonzales County,TX,counties
Gray County,TX,counties
Grayson County,TX,counties
Gregg County,TX,counties
Grimes County,TX,counties
Guadalupe County,TX,counties
Hale County,TX,counties
Hall County,TX,counties
Hamilton County,TX,counties
Hansford County,TX,counties
Hardeman County,TX,counties
Hardin County,TX,counties
Harris County,TX,counties
Harrison County,TX,counties
Hartley County,TX,counties
Haskell County,TX,counties
Hays County,TX,counties
Hemphill County,TX,counties
Henderson County,TX,counties
Hidalgo County,TX,counties
Hill County,TX,counties
Hockley County,TX,counties
Hood County,TX,counties
Hopkins County,TX,counties
Houston County,TX,counties
Howard County,TX,counties
Hudspeth County,TX,counties
Hunt County,TX,counties
Hutchinson County,TX,counties
Irion County,TX,counties
Jack County,TX,counties
Jackson County,TX,counties
Jasper County,TX,counties
Jeff Davis County,TX,counties
Jefferson County,TX,counties
Jim Hogg County,TX,counties
Jim Wells County,TX,counties
Johnson County,TX,counties
Jones County,TX,counties
Karnes County,TX,counties
Kaufman County,TX,counties
Kendall County,TX,counties
Kenedy County,TX,counties
Kent County,TX,counties
Kerr County,TX,counties
Kimble County,TX,counties
King County,TX,counties
Kinney County,TX,counties
Kleberg County,TX,counties
Knox County,TX,counties
La Salle County,TX,counties
Lamar County,TX,counties
Lamb County,TX,counties
Lampasas County,TX,counties
Lavaca County,TX,counties
Lee County,TX,counties
Leon County,TX,counties
Liberty County,TX,counties
Limestone County,TX,counties
Lipscomb County,TX,counties
Live Oak County,TX,counties
Llano County,TX,counties
Loving County,TX,counties
Lubbock County,TX,counties
Lynn County,TX,counties
Madison County,TX,counties
Marion County,TX,counties
Martin County,TX,counties
Mason County,TX,counties
Matagorda County,TX,counties
Maverick County,TX,counties
McCulloch County,TX,counties
McLennan County,TX,counties
McMullen County,TX,counties
Medina County,TX,counties
Menard County,TX,counties
Midland County,TX,counties
Milam County,TX,counties
Mills County,TX,counties
Mitchell County,TX,counties
Montague County,TX,counties
Montgomery County,TX,counties
Moore County,TX,counties
Morris County,TX,counties
Motley County,TX,counties
Nacogdoches County,TX,counties
Navarro County,TX,counties
Newton County,TX,counties
Nolan County,TX,counties
Nueces County,TX,counties
Ochiltree County,TX,counties
Oldham County,TX,counties
Orange County,TX,counties
Palo Pinto County,TX,counties
Panola County,TX,counties
Parker County,TX,counties
Parmer County,TX,counties
Pecos County,TX,counties
Polk County,TX,counties
Potter County,TX,counties
Presidio County,TX,counties
Rains County,TX,counties
Randall County,TX,counties
Reagan County,TX,counties
Real County,TX,counties
Red River County,TX,counties
Reeves County,TX,counties
Refugio County,TX,counties
Roberts County,TX,counties
Robertson County,TX,counties
Rockwall County,TX,counties
Runnels County,TX,counties
Rusk County,TX,counties
Sabine County,TX,counties
San Augustine County,TX,counties
San Jacinto County,TX,counties
San Patricio County,TX,counties
San Saba County,TX,counties
Schleicher County,TX,counties
Scurry County,TX,counties
Shackelford County,TX,counties
Shelby County,TX,counties
Sherman County,TX,counties
Smith County,TX,counties
Somervell County,TX,counties
Starr County,TX,counties
Stephens County,TX,counties
Sterling County,TX,counties
Stonewall County,TX,counties
Sutton County,TX,counties
Swisher County,TX,counties
Tarrant County,TX,counties
Taylor County,TX,counties
Terrell County,TX,counties
Terry County,TX,counties
Throckmorton County,TX,counties
Titus County,TX,counties
Tom Green County,TX,counties
Travis County,TX,counties
Trinity County,TX,counties
Tyler County,TX,counties
Upshur County,TX,counties
Upton County,TX,counties
Uvalde County,TX,counties
Val Verde County,TX,counties
Van Zandt County,TX,counties
Victoria County,TX,counties
Walker County,TX,counties
Waller County,TX,counties
Ward County,TX,counties
Washington County,TX,counties
Webb County,TX,counties
Wharton County,TX,counties
Wheeler County,TX,counties
Wichita County,TX,counties
Wilbarger County,TX,counties
Willacy County,TX,counties
Williamson County,TX,counties
Wilson County,TX,counties
Winkler County,TX,counties
Wise County,TX,counties
Wood County,TX,counties
Yoakum County,TX,counties
Young County,TX,counties
Zapata County,TX,counties
Zavala County,TX,counties
,TX,brewery
Beaver County,UT,counties
Box Elder County,UT,counties
Cache County,UT,counties
Carbon County,UT,counties
Daggett County,UT,counties
Davis County,UT,counties
Duchesne County,UT,counties
Emery County,UT,counties
Garfield County,UT,counties
Grand County,UT,counties
Iron County,UT,counties
Juab County,UT,counties
Kane County,UT,counties
Millard County,UT,counties
Morgan County,UT,counties
Piute County,UT,counties
Rich County,UT,counties
Salt Lake County,UT,counties
San Juan County,UT,counties
Sanpete County,UT,counties
Sevier County,UT,counties
Summit County,UT,counties
Tooele County,UT,counties
Uintah County,UT,counties
Utah County,UT,counties
Wasatch County,UT,counties
Washington County,UT,counties
Wayne County,UT,counties
Weber County,UT,counties
Accomack County,VA,counties
Albemarle County,VA,counties
Alexandria city,VA,counties
Alleghany County,VA,counties
Amelia County,VA,counties
Amherst County,VA,counties
Appomattox County,VA,counties
Arlington County,VA,counties
Augusta County,VA,counties
Bath County,VA,counties
Bedford County,VA,counties
Bland County,VA,counties
Botetourt County,VA,counties
Bristol city,VA,counties
Brunswick County,VA,counties
Buchanan County,VA,counties
Buckingham County,VA,counties
Buena Vista city,VA,counties
Campbell County,VA,counties
Caroline County,VA,counties
Carroll County,VA,counties
Charles City County,VA,counties
Charlotte County,VA,counties
Charlottesville city,VA,counties
Chesapeake city,VA,counties
Chesterfield County,VA,counties
Clarke County,VA,counties
Colonial Heights city,VA,counties
Covington city,VA,counties
Craig County,VA,counties
Culpeper County,VA,counties
Cumberland County,VA,counties
Danville city,VA,counties
Dickenson County,VA,counties
Dinwiddie County,VA,counties
Emporia city,VA,counties
Essex County,VA,counties
Fairfax County,VA,counties
Fairfax city,VA,counties
Falls Church city,VA,counties
Fauquier County,VA,counties
Floyd County,VA,counties
Fluvanna County,VA,counties
Franklin County,VA,counties
Franklin city,VA,counties
Frederick County,VA,counties
Fredericksburg city,VA,counties
Galax city,VA,counties
Giles County,VA,counties
Gloucester County,VA,counties
Goochland County,VA,counties
Grayson County,VA,counties
Greene County,VA,counties
Greensville County,VA,counties
Halifax County,VA,counties
Hampton city,VA,counties
Hanover County,VA,counties
Harrisonburg city,VA,counties
Henrico County,VA,counties
Henry County,VA,counties
Highland County,VA,counties
Hopewell city,VA,counties
Isle of Wight County,VA,counties
James City County,VA,counties
King George County,VA,counties
King William County,VA,counties
King and Queen County,VA,counties
Lancaster County,VA,counties
Lee County,VA,counties
Lexington City City (County Equiv),VA,brewery
Lexington city,VA,counties
Loudoun County,VA,counties
Louisa County,VA,counties
Lunenburg County,VA,counties
Lynchburg city,VA,counties
Madison County,VA,counties
Manassas Park city,VA,counties
Manassas city,VA,counties
Martinsville city,VA,counties
Mathews County,VA,counties
Mecklenburg County,VA,counties
Middlesex County,VA,counties
Montgomery County,VA,counties
Nelson County,VA,counties
New Kent County,VA,counties
Newport News city,VA,counties
Norfolk City City (County Equiv),VA,brewery
Norfolk city,VA,counties
Northampton County,VA,counties
Northumberland County,VA,counties
Norton city,VA,counties
Nottoway County,VA,counties
Orange County,VA,counties
Page County,VA,counties
Patrick County,VA,counties
Petersburg city,VA,counties
Pittsylvania County,VA,counties
Poquoson city,VA,counties
Portsmouth city,VA,counties
Powhatan County,VA,counties
Prince Edward County,VA,counties
Prince George County,VA,counties
Prince William County,VA,counties
Pulaski County,VA,counties
Radford city,VA,counties
Rappahannock County,VA,counties
Richmond City City (County Equiv),VA,brewery
Richmond County,VA,counties
Richmond city,VA,counties
Roanoke County,VA,counties
Roanoke city,VA,counties
Roanoke city City (County Equiv),VA,brewery
Rockbridge County,VA,counties
Rockingham County,VA,counties
Russell County,VA,counties
Salem city,VA,counties
Scott County,VA,counties
Shenandoah County,VA,counties
Smyth County,VA,counties
Southampton County,VA,counties
Spotsylvania County,VA,counties
Stafford County,VA,counties
Staunton city,VA,counties
Suffolk city,VA,counties
Surry County,VA,counties
Sussex County,VA,counties
Tazewell County,VA,counties
Virginia Beach City City (County Equiv),VA,brewery
Virginia Beach city,VA,counties
Warren County,VA,counties
Washington County,VA,counties
Waynesboro city,VA,counties
Westmoreland County,VA,counties
Williamsburg city,VA,counties
Winchester city,VA,counties
Wise County,VA,counties
Wythe County,VA,counties
York County,VA,counties
,VA,brewery
Addison County,VT,counties
Bennington County,VT,counties
Caledonia County,VT,counties
Chittenden County,VT,counties
Essex County,VT,counties
Franklin County,VT,counties
Grand Isle County,VT,counties
Lamoille County,VT,counties
Orange County,VT,counties
Orleans County,VT,counties
Rutland County,VT,counties
Washington County,VT,counties
Windham County,VT,counties
Windsor County,VT,counties
,VT,brewery
Adams County,WA,counties
Asotin County,WA,counties
Benton County,WA,counties
Chelan County,WA,counties
Clallam County,WA,counties
Clark County,WA,counties
Columbia County,WA,counties
Cowlitz County,WA,counties
Douglas County,WA,counties
Ferry County,WA,counties
Franklin County,WA,counties
Garfield County,WA,counties
Grant County,WA,counties
Grays Harbor County,WA,counties
Island County,WA,counties
Jefferson County,WA,counties
King County,WA,counties
Kitsap County,WA,counties
Kittitas County,WA,counties
Klickitat County,WA,counties
Lewis County,WA,counties
Lincoln County,WA,counties
Mason County,WA,counties
Okanogan County,WA,counties
Pacific County,WA,counties
Pend Oreille County,WA,counties
Pierce County,WA,counties
San Juan County,WA,counties
Skagit County,WA,counties
Skamania County,WA,counties
Snohomish County,WA,counties
Spokane County,WA,counties
Stevens County,WA,counties
Thurston County,WA,counties
Wahkiakum County,WA,counties
Walla Walla County,WA,counties
Whatcom County,WA,counties
Whitman County,WA,counties
Yakima County,WA,counties
Adams County,WI,counties
Ashland County,WI,counties
Barron County,WI,counties
Bayfield County,WI,counties
Brown County,WI,counties
Buffalo County,WI,counties
Burnett County,WI,counties
Calumet County,WI,counties
Chippewa County,WI,counties
Clark County,WI,counties
Columbia County,WI,counties
Crawford County,WI,counties
Dane County,WI,counties
Dodge County,WI,counties
Door County,WI,counties
Douglas County,WI,counties
Dunn County,WI,counties
Eau Claire County,WI,counties
Florence County,WI,counties
Fond du Lac County,WI,counties
Forest County,WI,counties
Grant County,WI,counties
Green County,WI,counties
Green Lake County,WI,counties
Iowa County,WI,counties
Iron County,WI,counties
Jackson County,WI,counties
Jefferson County,WI,counties
Juneau County,WI,counties
Kenosha County,WI,counties
Kewaunee County,WI,counties
La Crosse County,WI,counties
Lafayette County,WI,counties
Langlade County,WI,counties
Lincoln County,WI,counties
Manitowoc County,WI,counties
Marathon County,WI,counties
Marinette County,WI,counties
Marquette County,WI,counties
Menominee County,WI,counties
Milwaukee County,WI,counties
Monroe County,WI,counties
Oconto County,WI,counties
Oneida County,WI,counties
Outagamie County,WI,counties
Ozaukee County,WI,counties
Pepin County,WI,counties
Pierce County,WI,counties
Polk County,WI,counties
Portage County,WI,counties
Price County,WI,counties
Racine County,WI,counties
Richland County,WI,counties
Rock County,WI,counties
Rusk County,WI,counties
Sauk County,WI,counties
Sawyer County,WI,counties
Shawano County,WI,counties
Sheboygan County,WI,counties
St. Croix County,WI,counties
Taylor County,WI,counties
Trempealeau County,WI,counties
Vernon County,WI,counties
Vilas County,WI,counties
Walworth County,WI,counties
Washburn County,WI,counties
Washington County,WI,counties
Waukesha County,WI,counties
Waupaca County,WI,counties
Waushara County,WI,counties
Winnebago County,WI,counties
Wood County,WI,counties
,WI,brewery
Barbour County,WV,counties
Berkeley County,WV,counties
Boone County,WV,counties
Braxton County,WV,counties
Brooke County,WV,counties
Cabell County,WV,counties
Calhoun County,WV,counties
Clay County,WV,counties
Doddridge County,WV,counties
Fayette County,WV,counties
Gilmer County,WV,counties
Grant County,WV,counties
Greenbrier County,WV,counties
Hampshire County,WV,counties
Hancock County,WV,counties
Hardy County,WV,counties
Harrison County,WV,counties
Jackson County,WV,counties
Jefferson County,WV,counties
Kanawha County,WV,counties
Lewis County,WV,counties
Lincoln County,WV,counties
Logan County,WV,counties
Marion County,WV,counties
Marshall County,WV,counties
Mason County,WV,counties
McDowell County,WV,counties
Mercer County,WV,counties
Mineral County,WV,counties
Mingo County,WV,counties
Monongalia County,WV,counties
Monroe County,WV,counties
Morgan County,WV,counties
Nicholas County,WV,counties
Ohio County,WV,counties
Pendleton County,WV,counties
Pleasants County,WV,counties
Pocahontas County,WV,counties
Preston County,WV,counties
Putnam County,WV,counties
Raleigh County,WV,counties
Randolph County,WV,counties
Ritchie County,WV,counties
Roane County,WV,counties
Summers County,WV,counties
Taylor County,WV,counties
Tucker County,WV,counties
Tyler County,WV,counties
Upshur County,WV,counties
Wayne County,WV,counties
Webster County,WV,counties
Wetzel County,WV,counties
Wirt County,WV,counties
Wood County,WV,counties
Wyoming County,WV,counties
Albany County,WY,counties
Big Horn County,WY,counties
Campbell County,WY,counties
Carbon County,WY,counties
Converse County,WY,counties
Crook County,WY,counties
Fremont County,WY,counties
Goshen County,WY,counties
Hot Springs County,WY,counties
Johnson County,WY,counties
Laramie County,WY,counties
Lincoln County,WY,counties
Natrona County,WY,counties
Niobrara County,WY,counties
Park County,WY,counties
Platte County,WY,counties
Sheridan County,WY,counties
Sublette County,WY,counties
Sweetwater County,WY,counties
Teton County,WY,counties
Uinta County,WY,counties
Washakie County,WY,counties
Weston County,WY,counties
